variable,count,mean,std,min,25%,50%,75%,max,original
dummy1,1000.0,-0.0005262098565694959,0.010855132559751976,-0.0377172950235618,-0.008149440398107275,-0.0007493003507520999,0.0068976465190635,0.0351569245941192,0.0026826570736622
dummy2,1000.0,-0.00012243279564367056,0.010410295826869967,-0.0367063868934707,-0.00692022716939885,-4.545555800916645e-05,0.00676343587500655,0.0302623170434337,0.0092876031642106
x1,1000.0,0.108680319013995,2.9735481268931276,-8.419610694565929,-1.935611738034963,0.12480912416471396,1.9865412280053216,28.20194499392408,28.20194499392408
x2,1000.0,-0.14053576041337157,7.840476168492409,-24.813953794878817,-5.303634857521733,-0.12308221179922715,4.798379658948452,75.05257253018986,75.05257253018986
x3,1000.0,0.09476087205585139,1.8808650682488157,-4.858562261013638,-1.1543498811990165,0.0610856974553506,1.3429994410699386,17.754019128595864,17.754019128595864
